{"count":1,"self":455.5759104,"total":1268.6701375999999,"children":{"AgentSendState":{"count":555717,"self":17.1461376,"total":251.51746559999998,"children":{"CollectObservations":{"count":500148,"self":3.9318343999999996,"total":3.9318343,"children":null},"CollectDiscreteActionMasks":{"count":500148,"self":1.6842024,"total":1.6842024999999998,"children":null},"AgentInfo.ToProto":{"count":500148,"self":6.85352,"total":228.75529079999998,"children":{"GenerateSensorData":{"count":500148,"self":179.61025279999998,"total":221.90177079999998,"children":{"RayPerceptionSensor.Perceive":{"count":1000296,"self":42.291513599999995,"total":42.291514199999995,"children":null}}}}}}},"DecideAction":{"count":555717,"self":552.0313344,"total":552.0313335,"children":null},"AgentAct":{"count":555717,"self":3.0766426,"total":3.1388477999999997,"children":{"AgentInfo.ToProto":{"count":102,"self":0.0019988,"total":0.062205199999999995,"children":{"GenerateSensorData":{"count":102,"self":0.0512109,"total":0.0602064,"children":{"RayPerceptionSensor.Perceive":{"count":204,"self":0.0089955,"total":0.0089955,"children":null}}}}}}},"AgentInfo.ToProto":{"count":11076,"self":0.2023023,"total":6.4055642,"children":{"GenerateSensorData":{"count":11076,"self":5.0594111999999996,"total":6.2032618999999993,"children":{"RayPerceptionSensor.Perceive":{"count":22152,"self":1.1438507,"total":1.1438507,"children":null}}}}}},"gauges":{"CarBehavior.CumulativeReward":{"count":11178,"max":19.9839935,"min":-1.00994289,"runningAverage":0.148776725,"value":-0.09080022,"weightedAverage":0.165755913}},"metadata":{"timer_format_version":"0.1.0","start_time_seconds":"1689352078","unity_version":"2019.3.5f1","command_line_arguments":"C:\\Program Files\\Unity\\Hub\\Editor\\2019.3.5f1\\Editor\\Unity.exe -projectpath C:\\Users\\benj\\Crossroads -useHub -hubIPC -cloudEnvironment production -licensingIpc LicenseClient-benj -hubSessionId 6b4b9e21-4bcb-453a-ae55-de732941bd89 -accessToken rbRXi-Z774RNQZFgB6EESk4VStUvdd3Or1MqiWELeSk002f","communication_protocol_version":"1.0.0","com.unity.ml-agents_version":"1.0.2","scene_name":"ParkingLotAdvanced","end_time_seconds":"1689353347"}}